Rank,Title,Username,Rating,Score,Performance,Team
1,CM,juancruzariasTDF,2580,78,2553,
2,FM,xberli,2489,77,2579,
3,FM,AttackSparrow,2403,73,2393,
4,CM,samidescalona2002,2525,66,2304,
5,,betoking,2328,52,2525,
6,,marcaf,2233,52,2079,
7,,ProfAngel,2390,51,2335,
8,,Elgranconejo,2501,48,2299,
9,,solodefiendo,2486,47,2267,
10,,JaqenHghar36,2287,46,2336,
11,,SmartR,2351,46,2222,
12,,Abjugaor,2315,45,2253,
13,,mpv12,2359,43,2388,
14,,Borcut,2347,43,2379,
15,,voctar,2220,43,2273,
16,,nicoalavar3jaques,2094,41,1974,
17,,SereGM,2331,40,2269,
18,,amateuur,2278,40,2239,
19,,eveyayo,2211,40,2164,
20,FM,LuisFSiles,2455,39,2397,
21,,Diamantesco,2171,38,2221,
22,,mjpm,2050,38,1984,
23,,Mordedorleiva,1884,38,1799,
24,,tomicamu,2177,37,2272,
25,,Darth_Krayt,2242,37,2192,
26,,Foreigner20,2398,37,2187,
27,,herstein23,2210,37,1926,
28,,SaulSerrano,2027,36,2106,
29,,Vanegas,2108,36,2064,
30,,tetrahidrocannabinol,1956,36,1977,
31,,fandeisa,1934,36,1935,
32,,balachess2006,2461,35,2275,
33,,CarlitosCL,2334,35,2233,
34,,PocoOriginal,1963,35,2089,
35,,JuliusPleschke2009,2231,35,2064,
36,,czerjyo,2120,34,2229,
37,,Hugo266,2148,34,2178,
38,,ChessSantiTwitch,2072,34,2061,
39,,joseansp,1890,34,2048,
40,,MapaChess_TV,2089,34,1986,
41,,Erulees,1708,34,1891,
42,,Callfish,1670,34,1755,
43,,Estrellacaida,2131,33,2230,
44,,roadto2249,2056,33,2056,
45,,Sirgomita,2122,33,1989,
46,,jhonatancrACKKKKKKKK,1950,33,1944,
47,,AldoMiguelchess,2105,32,2129,
48,,TakTik19k,1720,32,1798,
49,,Krysaor,2339,31,2316,
50,,Lawlieth7,2316,31,2079,
51,,Covitsalas,2281,31,2054,
52,,Speedygonzalezmx,2226,31,2040,
53,,Silver_Poison,1933,31,2004,
54,,Agustin_LF,1964,31,1966,
55,,d4rkproject,1724,31,1935,
56,,Rodrigocatriel1999,1943,31,1905,
57,,pikachuchess10,1933,31,1863,
58,,Escandor3,1807,31,1824,
59,,PeriHeFe,1899,31,1812,
60,,Demonioamarillo,1705,31,1752,
61,,StefanySofia2003,2196,30,2165,
62,,NightWolf_PY,1936,30,2059,
63,,SANCHEZBERZAIN,2080,30,2053,
64,,Miguelmonjaras9,2010,30,1990,
65,,mlffs1983,1919,30,1887,
66,,cristianmedina03,1568,30,1837,
67,,Nestor-2011,1828,30,1829,
68,,chatungo069,1727,30,1777,
69,,FernandoNietoCapel,1682,30,1747,
70,,Ekaedro,1963,29,1952,
71,,Ian1509,1722,29,1827,
72,,MysteriousCho-hayai,2139,29,1817,
73,,jheffer20,1758,29,1807,
74,,andreupenades06,1574,29,1653,
75,,LeiderBermudez98,1470,29,1614,
76,,SergioGentili,1808,29,1601,
77,,gosuforever,1589,29,1511,
78,,Teddy_2323,1677,29,1506,
79,,AlexisNava,1896,28,2073,
80,,ReLchiKuanA,2182,28,2008,
81,,Ruy_de_Rozas,1914,28,2006,
82,,JuanNieto04,1905,28,1971,
83,,jaimenchuni,1960,28,1925,
84,,Kamina14,2017,28,1882,
85,,Gambitochilango,1826,28,1852,
86,,Novaicris,1928,28,1808,
87,,Burgoss701,1529,28,1755,
88,,Vicman13,1463,28,1743,
89,,SofiSchlund,1720,28,1706,
90,,Darwin6xd,1674,27,1831,
91,,breixol,2075,27,1830,
92,,IanChesscom,1653,27,1789,
93,,Fauxfighter,1680,27,1764,
94,,StefanoA_6CAN,1505,27,1727,
95,,Lusitorey7,1567,27,1708,
96,,DiegoSoto12,1698,27,1676,
97,,Jaen_Jesus_SF,1581,27,1569,
98,,Cremitapapa,1519,27,1468,
99,,FabiRey,2044,26,2027,
100,,S1nt0m4,2303,26,1967,
101,,DanielGiraldo12,1973,26,1929,
102,,melnf,1677,26,1916,
103,,A76111163ESDRAS,1608,26,1819,
104,,FVKD,2205,26,1757,
105,,ginesmh,1575,26,1650,
106,,Milmo12,1508,26,1648,
107,,aday_r,1579,26,1620,
108,,Nikolai1195,1414,26,1570,
109,,NolanAlejandroo17,1522,26,1558,
110,,ariadna20,1347,26,1518,
111,,Jotajota76,1467,26,1480,
112,,Samurapidchess,2281,25,2329,
113,,SantChess08,2187,25,1900,
114,,Maxivo,2147,25,1801,
115,,Bentrock,1798,25,1755,
116,,Hugo_G_F,1759,25,1722,
117,,SergioCampos,1755,25,1680,
118,,guvar,1706,25,1628,
119,,AdrianMedina1804,1608,25,1601,
120,,Autol50,1717,25,1522,
121,,k4rp4s0v,2184,24,2218,
122,,Kln3,2154,24,2115,
123,,ladyartema,2078,24,2005,
124,,rey83,2028,24,1980,
125,,emilo_ibarra_brito,2110,24,1957,
126,,Minerva888,1728,24,1822,
127,,Lenao,1793,24,1822,
128,,AlfilAReina4,1613,24,1701,
129,,Agustin_Varela_03,1692,24,1684,
130,,Ronert1918,1772,24,1679,
131,,BruceCoronel,1678,24,1664,
132,,dxni13,1635,24,1642,
133,,Camlishgiri,1687,24,1642,
134,,E_GMartinez,1614,24,1621,
135,,Pedri28,1710,24,1614,
136,,srivero29,1663,24,1593,
137,,DanielGC,1514,24,1572,
138,,cros_1505,1490,24,1566,
139,,GameOver2020,1554,24,1552,
140,,danidt,1718,24,1546,
141,,MarcoCiafa,1755,24,1526,
142,,Polter2003,1369,24,1308,
143,,maloperoagresivo,2094,23,2211,
144,,M-123_4,1992,23,2006,
145,,masmedula,2087,23,1890,
146,,CalmDust,1761,23,1789,
147,,pel0zo,1665,23,1754,
148,,Marcoslegui2,1595,23,1706,
149,,CuriosidadHoy,1825,23,1692,
150,,AlexBlunt,1584,23,1636,
151,,BenjaminMalde636,1584,23,1563,
152,,miguelov3,1227,23,1479,
153,,Dario20,1490,23,1396,
154,,SeRgIo_gamer,2017,22,1914,
155,,alwinkpc,1498,22,1682,
156,,xNeeKzZy,1531,22,1668,
157,,MentePeligro,1595,22,1593,
158,,jguaraz,1303,22,1552,
159,,Junior1228,1605,22,1543,
160,,charmonium007,1610,22,1530,
161,,Almotadid,1252,22,1530,
162,,llx756ii,1583,22,1526,
163,,fackert,1503,22,1508,
164,,FNR96,1525,22,1417,
165,,Juandavid2097,1855,21,1989,
166,,aLVARO2702,2003,21,1989,
167,,saikoounk,1167,21,1734,
168,,C77248004Luiguie,1943,21,1725,
169,,Bersek_account,2221,21,1719,
170,,pandrex,1628,21,1651,
171,,conejorana96,1558,21,1644,
172,,oran-gutan,1634,21,1617,
173,,fiodor_nabokov,2033,21,1608,
174,,minideadpool72,1614,21,1602,
175,,DiegoMLintMEX,1355,21,1543,
176,,Ciudadano-Quien,1457,21,1456,
177,,Igorrruzz,1242,21,1437,
178,,Orphan_Pokemon,2298,20,2232,
179,,Kuidate,2152,20,2157,
180,,odontoED,2171,20,2067,
181,,Andorrano,2208,20,2017,
182,,Esenc,2032,20,1975,
183,,Alexzambra,1789,20,1908,
184,,fernandocavallotti00,2070,20,1851,
185,,AlexanderSanti,1678,20,1780,
186,,joslam15,2039,20,1756,
187,,Geckoidae,1624,20,1679,
188,,Charlyfischerov,1733,20,1669,
189,,DylanAG10,1636,20,1619,
190,,Vadiaz,1407,20,1594,
191,,orislaff,1562,20,1580,
192,,U015,1619,20,1579,
193,,Monroicito,1470,20,1572,
194,,soad30,1634,20,1529,
195,,jaimus,1301,20,1525,
196,,NicolasZL,1476,20,1516,
197,,Jhoel_507,1348,20,1500,
198,,Master-Darck,1611,20,1490,
199,,Roscondereyes,1491,20,1418,
200,,Argala_JMB,1246,20,1208,
201,,nilson14,2013,19,2006,
202,,antitodozgz,2059,19,1924,
203,,Javier_Loccisano,1785,19,1766,
204,,marcoslj1,1661,19,1592,
205,,tabancharcha,1702,19,1550,
206,,aaa_29292,1679,19,1544,
207,,vicentemontesinosj,1532,19,1542,
208,,zaybxc,1941,19,1515,
209,,emilianosoto,1454,19,1436,
210,,Jacob_LR,1329,19,1317,
211,,josuexp,2447,18,2293,
212,,GeorgeRoper,2021,18,2105,
213,,julinmejia,1844,18,1933,
214,,abraham76,1754,18,1820,
215,,Daniel98345679,1634,18,1809,
216,,Carius_1roSec,1818,18,1753,
217,,Luis-albertolopez,1788,18,1752,
218,,vizzztor,1468,18,1720,
219,,Cappe_73,1724,18,1660,
220,,cucotechi,1521,18,1621,
221,,Martyteikas,1601,18,1597,
222,,horrorchess89,1415,18,1593,
223,,omar26rn,1327,18,1572,
224,,Bsdc1,1461,18,1533,
225,,Ignis1,1431,18,1472,
226,,VicOrange,1161,18,1467,
227,,Ponce21,1450,18,1466,
228,,Farrokh13,1430,18,1459,
229,,turbinh0,1335,18,1417,
230,,Kravick,1392,18,1392,
231,,DGA17,1380,18,1379,
232,,FrankieSV,1286,18,1361,
233,,Raycol,1166,18,1315,
234,,Rabichess,1039,18,1188,
235,,Heinemansito,1920,17,1987,
236,,sebastianchang90,1881,17,1711,
237,,MrFire123,1795,17,1678,
238,,kivir-s-h,1804,17,1631,
239,,jarith2210,1418,17,1585,
240,,Guevara_Tarton_2006,1384,17,1491,
241,,Flaviusbelisaurus,1219,17,1452,
242,,CrockyCrin,1420,17,1375,
243,,Yurisan,1326,17,1345,
244,,MarkusVinicius,2289,16,2107,
245,,mauriciovirsan,1856,16,1865,
246,,Itha1sbjs5268,1783,16,1824,
247,,ZonaAnime,1751,16,1799,
248,,TataEncubierto,1557,16,1799,
249,,deltibero,1475,16,1766,
250,,Guadi_x,1360,16,1751,
251,,XePepe11,1587,16,1738,
252,,Rayda14,1869,16,1714,
253,,Black-ReaperV5,1543,16,1668,
254,,Ruben_chess64,1811,16,1664,
255,,TomasLuna58,1470,16,1604,
256,,F_Prieto,1571,16,1599,
257,,Josse10manuel,1908,16,1595,
258,,LoisChess123,1732,16,1595,
259,,Angeldrez01,1560,16,1576,
260,,danichaso,1574,16,1569,
261,,joao2520,1600,16,1564,
262,,b_a_s_a_g_o,1524,16,1556,
263,,JuliusMeza,1468,16,1553,
264,,JesusRamiguti,1700,16,1520,
265,,Spano1524,1382,16,1490,
266,,Davi_10,1334,16,1459,
267,,Ruchi7,1315,16,1417,
268,,cocolyions,1500,16,1378,
269,,ricsalinas,1231,16,1359,
270,,S-Chabela,1387,16,1350,
271,,DiegoSanchez15,1366,16,1349,
272,,aguilar9914,1312,16,1322,
273,,Muymaloo,1318,16,1307,
274,,Wakinnebis,1179,16,1280,
275,,Raul_Pocinho,1401,16,1265,
276,,BrayanA22mvp,997,16,1256,
277,,Diegich14,1081,16,1037,
278,,Pelzigeachsel,2429,15,2304,
279,,penultimoError,1594,15,1608,
280,,Ricardo_Mejia,1525,15,1569,
281,,pablal,1230,15,1368,
282,,GregoValsa,1363,15,1328,
283,,GeGochess,2282,14,2066,
284,,crispo1500,1393,14,1802,
285,,ecardoso85,2011,14,1732,
286,,Carlnus_Magsen90,1713,14,1668,
287,,JmL4evr,1522,14,1553,
288,,Luis_GR,1546,14,1535,
289,,MoiMaster,1676,14,1535,
290,,EUSAN,1532,14,1521,
291,,EVO_MORALES_AYMA,1514,14,1481,
292,,soyesepeasoderuben,1468,14,1424,
293,,rogelito01,1367,14,1389,
294,,JFK1963,1292,14,1350,
295,,SOYARGENTO,1259,14,1324,
296,,Gabriel_Villarreal19,1189,14,1320,
297,,nico25mate,1348,14,1288,
298,,Carlosknt,1364,14,1275,
299,,RubenSiri,1510,14,1262,
300,,Clown-trip,1250,14,1238,
301,,PepoLa22,1245,14,1220,
302,,pinasok_35,1188,14,1174,
303,,victty,1224,14,1156,
304,,FaustiOro,2360,13,2159,
305,,arisedmel,1836,13,1597,
306,,The_Bleessed,1795,13,1301,
307,,takosito,1124,13,1102,
308,,ikergameplaysyt,1335,12,1687,
309,,islafuego078,1747,12,1572,
310,,elio-popipipo,1335,12,1482,
311,,ivanfelipemayorga,1499,12,1474,
312,,Sebastiansanvi26,1340,12,1439,
313,,jesussantfeliu,1622,12,1428,
314,,LautyLB,1443,12,1419,
315,,brunodiaz23,1254,12,1407,
316,,Obauern,1486,12,1386,
317,,Harry_1968,1685,12,1383,
318,,ElPadial,1105,12,1380,
319,,lucavega6,1411,12,1319,
320,,jcbata,1149,12,1319,
321,,Ryosmp,1271,12,1286,
322,,aleconva,1550,12,1281,
323,,Xian0312,923,12,1247,
324,,johanvdelden,1233,12,1172,
325,,citizenerased8,1141,12,1135,
326,,psyche-out,891,12,1096,
327,,mehers31,2268,11,1792,
328,,Dwinmachine,1584,11,1585,
329,,MacMate,1596,11,1502,
330,,nefalden,1355,11,1336,
331,,ElQueNoPerdona,1389,11,1323,
332,,Fermarod,1229,11,1300,
333,,LuisPiriz_87,1141,11,1209,
334,,jcmoaz,1069,11,1000,
335,,Fabianvera000,1760,10,2103,
336,,ignacioq29,1534,10,1939,
337,,karucs-4563,1989,10,1922,
338,,Motochess,1998,10,1801,
339,,pvazplasen,1819,10,1762,
340,,Alberto11mora,1902,10,1636,
341,,REDLION11,1840,10,1597,
342,,Daniel-2IQ,1376,10,1522,
343,,arturolozoya,2333,10,1520,
344,,elgambitomemero,2207,10,1509,
345,,pablojhona20,1552,10,1506,
346,,CesarNavarro1988,1553,10,1494,
347,,alcabot,1301,10,1487,
348,,Astrodrez,1577,10,1429,
349,,jugigalo,1541,10,1422,
350,,PaganiniChess,1341,10,1407,
351,,JesusMesa12,1153,10,1283,
352,,Danvamp12,1046,10,1259,
353,,Keyito2009,1079,10,1258,
354,,Castillejo1980,1204,10,1238,
355,,santiemiliano9,1187,10,1214,
356,,migueltrjiillordz,978,10,1205,
357,,Malena73,1214,10,1195,
358,,carlos_armijos98,1181,10,1167,
359,,familia_alfil,993,10,1125,
360,,MarcosXGO,1258,10,1082,
361,,larritxapelas,1187,10,1070,
362,,Angelatibagla,1226,9,1233,
363,,Sacrificador_1,1169,9,1109,
364,,osvaldocast,1140,9,1052,
365,,BoginiGypsyQueen,1931,8,1973,
366,,JRchessy,1478,8,1922,
367,,Diegohcasallas,1719,8,1919,
368,,MatiasAjsNemocon,1823,8,1832,
369,,Armenia22,2004,8,1822,
370,,St1v3nt,1535,8,1794,
371,,Reymisterio024,1426,8,1717,
372,,Vega_28,1789,8,1698,
373,,Jumanji012,1673,8,1671,
374,,ruchii_98,1362,8,1622,
375,,DiegoAngeles_2014,1572,8,1565,
376,,fernais,1614,8,1515,
377,,AgusAjedrez,1379,8,1479,
378,,Makein,1337,8,1469,
379,,Juanzx10,1544,8,1420,
380,,Lucas_acostaortegoza,1360,8,1387,
381,,oscarmaximus,1400,8,1339,
382,,Ever_Diaz,911,8,1328,
383,,IanMoone6,1273,8,1285,
384,,AlvaroSabo,1145,8,1252,
385,,Agasichis,1673,8,1214,
386,,Magnolis,1092,8,1147,
387,,Hja_ha,1116,8,1137,
388,,Jericho81,964,8,1134,
389,,STICKRAFTMAPPER,930,8,1094,
390,,Oscarnui,957,8,1076,
391,,Nule7,1228,8,1062,
392,,Galvez_01,847,8,1062,
393,,ChessMagenotMate,1188,8,1056,
394,,CowBoy_Bishop,821,8,1054,
395,,Costan1,1153,8,1040,
396,,EST211_Juan_TM,895,8,1018,
397,,JoseMora28,1840,7,2259,
398,,lichi05,1769,7,1716,
399,,IamAnENIGMA,1216,7,1301,
400,,C73841649MARIO,1286,7,1145,
401,,Adrian_fl,1080,7,1097,
402,,Mottree,1162,7,1079,
403,,Edwing16,1594,6,1719,
404,,andresg9108,1633,6,1634,
405,,S_azur,1506,6,1612,
406,,Marcovian_07,1601,6,1610,
407,,aynof,1451,6,1597,
408,,acolcor,1173,6,1506,
409,,TorreEnfadada,1535,6,1490,
410,,StevenATV,1354,6,1490,
411,,Robertcerati22,1433,6,1487,
412,,tmarcos,1428,6,1455,
413,,KimmyF14,1453,6,1453,
414,,Ronsant,1426,6,1450,
415,,Erdeiby,1350,6,1407,
416,,Vbatfem,1100,6,1405,
417,,Karpov-18,1794,6,1403,
418,,Laauti34,1049,6,1399,
419,,Montes2151,1256,6,1305,
420,,Brayanbd,1930,6,1279,
421,,xNotChileanx,1300,6,1268,
422,,Huevos368,1120,6,1198,
423,,PPerezS,1211,6,1142,
424,,andresxerez,1044,6,1095,
425,,Chosnow,1118,6,1082,
426,,KaspAnish,1027,6,1028,
427,,maisurtia,1004,6,975,
428,,andresTu,873,6,974,
429,,Cuazzo,1059,6,964,
430,,fritovigo,771,6,957,
431,,Alektrik,910,6,931,
432,,Juanchess08,1831,5,1902,
433,,Perolero67,1855,5,1412,
434,,Lorenzotra,1366,5,1337,
435,,nose_XD,1644,5,1316,
436,,ochoagu,1042,5,1186,
437,,epinaco1,1014,5,1112,
438,,David_pelirrojo,2041,4,2210,
439,,umy15298,1939,4,2131,
440,,Lower7,1921,4,2125,
441,,ClaudioCamachoRodrig,1725,4,1938,
442,,cesart22,2409,4,1871,
443,,UnaPerson32,1727,4,1757,
444,,JKNL22,1597,4,1733,
445,,SpeedmanPro,1603,4,1709,
446,,intzin77,1380,4,1618,
447,,Dr_checkmate11,1990,4,1615,
448,,juanmatmw,1706,4,1601,
449,,Alexisjas,1397,4,1592,
450,,zayd89,1936,4,1522,
451,,Tinotin,2080,4,1488,
452,,Dr_Vago,1222,4,1475,
453,,sergi0o04,1347,4,1468,
454,,dragonchess26,1215,4,1400,
455,,diegoartacho,1590,4,1390,
456,,itus88,1933,4,1370,
457,,mlorenzg,1355,4,1366,
458,,RonaldSHZA,1597,4,1357,
459,,hermvillacmiguelupc,1360,4,1344,
460,,CharlieMaster1,1295,4,1341,
461,,JCancino,1518,4,1341,
462,,reyespartano,1667,4,1275,
463,,AbisaiGalicia18,1469,4,1228,
464,,Nachox_07,1292,4,1154,
465,,spiderRedye,1224,4,1145,
466,,yavar01,1142,4,1109,
467,,tgimenez,959,4,1104,
468,,buho121,1141,4,1084,
469,,GambitoPatch,1101,4,1080,
470,,Arthorias26,1281,4,1050,
471,,Jq_999,1015,4,1027,
472,,AdolfoCatral,908,4,995,
473,,luisneyra,901,4,990,
474,,JasonYubini,948,4,957,
475,,IrreconocidoBanG,934,4,929,
476,,MenyLV04,2228,3,2339,
477,,B60919277Fidel,2096,3,2306,
478,,Dark_Killer_Knight,1675,3,1720,
479,,MadaraUchihaaaa,1500,3,1698,
480,,tatakaetatakae,1394,3,1685,
481,,Elias180E,1438,3,1634,
482,,LukeSkywalker1993,2230,3,1608,
483,,dante78delatorre7878,1454,3,1593,
484,,Comorsito06,1792,3,1411,
485,,fgarciae5,942,3,1115,
486,,Jeyckosnuff,972,3,920,
487,,SLion25,1234,3,835,
488,,al_juarismi,2133,2,2502,
489,,Samuel_Maija_Temo,1431,2,2498,
490,,Logarithmus,2274,2,2235,
491,,MichaelWolfff,2126,2,2218,
492,,Edson_Walter,1934,2,2193,
493,,hectormoreno001,1826,2,2098,
494,,Dan_nydaniel,1422,2,2044,
495,,oscar8624,2132,2,2012,
496,,DirkWillemsz,2111,2,1936,
497,,itsuki31,2004,2,1794,
498,,marcos7javier,1750,2,1670,
499,,Trapija,1438,2,1659,
500,,marvella19,1945,2,1658,
501,,Anthonyajedrez,1309,2,1651,
502,,carla1971,1564,2,1636,
503,,EdwinSolano09,1547,2,1626,
504,,fama11235813,1820,2,1625,
505,,Pepeloco22,1361,2,1620,
506,,ChessSpassky,1360,2,1597,
507,,mrshiny,2040,2,1584,
508,,cr1st0ph3r5,1313,2,1511,
509,,GROVERdaniel23,1724,2,1508,
510,,Asiersanta9,1473,2,1465,
511,,arico,1794,2,1444,
512,,joaquinfiori,1131,2,1440,
513,,iJLR02,1476,2,1414,
514,,JohanDelta,1088,2,1413,
515,,Angel_Toledo,1536,2,1368,
516,,Literalmebte,1338,2,1359,
517,,DeLaGhetto,1239,2,1314,
518,,SNHEIDER10,1987,2,1313,
519,,RkrK01,1287,2,1287,
520,,EROSNEITOR,1301,2,1286,
521,,DavidAndres87,1260,2,1264,
522,,Charls,1167,2,1253,
523,,cuindichete,1821,2,1213,
524,,buitragosoft,1361,2,1199,
525,,fvllamas,1150,2,1196,
526,,Bartolomeo_Kuma007,993,2,1173,
527,,pericoperolas,1221,2,1165,
528,,Regulus_M,1075,2,1143,
529,,Churrox,1245,2,1117,
530,,fachahue,1120,2,1110,
531,,antonionp05,836,2,1099,
532,,Emmanuelglez,1141,2,1089,
533,,chesstuka,910,2,1059,
534,,ZoRkiT,849,2,1038,
535,,Enrique_Salgado09,907,2,1037,
536,,pablo-gomez,1054,2,1033,
537,,Apadribloan,1184,2,1031,
538,,otrorafamas,1526,2,995,
539,,PaulitaAjsNemocon,1438,2,967,
540,,AJ_Faruzi,775,2,951,
541,,Alverty,939,2,928,
542,,Diego_9809,711,2,909,
543,,Adiel01,885,2,866,
544,,ManelPeroNoob,722,2,859,
545,,sebaslocutor,903,2,834,
546,,Rosy34,1126,2,776,
547,,GABRIELCAPTAIN,2190,1,2226,
548,,The_Kingofchess_2007,1936,1,1616,
549,,Manugross,1050,1,1240,
550,,Frank365_es,903,1,1208,
551,,ricsamma,1284,1,1046,
552,,peyello2p,1047,1,1027,
553,,Gdi7fhfk7fi,915,1,991,
554,,yoyack_cruz,890,1,749,
555,,franjedrez,2758,0,,
556,,PuesHoliOuO,2447,0,,
557,,sergi0medina,2405,0,,
558,,ElZeyega,2396,0,,
559,,Xonkeldi33,2355,0,,
560,,Titorajedrez,2308,0,,
561,,Rsmon54Terrible,2301,0,,
562,,askerick,2286,0,,
563,,Terriblefeline,2269,0,,
564,,strombeker,2260,0,,
565,,Tal_09Max,2233,0,,
566,,championdemala,2231,0,,
567,,Gera_tibu,2207,0,,
568,,Sergz-Posso,2200,0,,
569,,jcoira,2181,0,,
570,,Strategydead,2145,0,,
571,,BrawnyFerrett,2135,0,,
572,,GORA12,2134,0,,
573,,Daniiiiir21,2113,0,,
574,,Emanuel-2004,2107,0,,
575,,Darkwolf79,2106,0,,
576,,Javi92,2105,0,,
577,,DXargon,2101,0,,
578,,eresfeo8989,2100,0,,
579,,nelsonmegauwu,2086,0,,
580,,OscarFdezDguez,2082,0,,
581,,EST_221_ANGEL_RT,2074,0,,
582,,c0nst4ntine,2062,0,,
583,,Mary-Cruz,2061,0,,
584,,Miguel9808,2060,0,,
585,,y_torres,2056,0,,
586,,nestoruto,2044,0,,
587,,Dragonet35,2033,0,,
588,,MijailBotvinik,2031,0,,
589,,Franpixie,2019,0,,
590,,carl0sfer23,2014,0,,
591,,panchitooo,2009,0,,
592,,pablopxp,2004,0,,
593,,GuerauB236,2003,0,,
594,,nekitoarroba,2003,0,,
595,,franco2020,2000,0,,
596,,AdrianDeLaCruz23,1997,0,,
597,,Rogson25,1986,0,,
598,,Aphelion_6to,1975,0,,
599,,M-Guille,1974,0,,
600,,Xxalex_pro_777,1970,0,,
601,,ChessOfExperts,1955,0,,
602,,Salvamf350,1955,0,,
603,,FrayYuyo,1954,0,,
604,,maykel3920,1942,0,,
605,,Chumpii,1929,0,,
606,,Construajedrez,1929,0,,
607,,Shapzon,1920,0,,
608,,Fenixofire,1916,0,,
609,,EfraimRodriguez_UP,1911,0,,
610,,Rey_Esimio,1903,0,,
611,,rudydanielcazorla,1902,0,,
612,,TheMrKev,1898,0,,
613,,Jhon1M,1898,0,,
614,,tactic-chess2009,1892,0,,
615,,ikerromeronieto,1890,0,,
616,,Mario_Rober,1881,0,,
617,,Pakombatir,1878,0,,
618,,ausente81,1875,0,,
619,,PabloZelarayan,1873,0,,
620,,daniiir21,1872,0,,
621,,CristianDanilo,1855,0,,
622,,asiercorral,1855,0,,
623,,TheJuancho3000,1853,0,,
624,,Salvatch,1845,0,,
625,,Wos15000,1842,0,,
626,,Perez_Ronaldo97,1839,0,,
627,,andrestapia,1837,0,,
628,,pupibelen,1833,0,,
629,,RealHastaLaMuerteBrr,1825,0,,
630,,Cucu77,1823,0,,
631,,nachendo,1810,0,,
632,,Arturomalo,1805,0,,
633,,Keysi7,1803,0,,
634,,GatoAndres,1795,0,,
635,,tay36,1795,0,,
636,,Santiago820,2001,0,1793,
637,,L_Lawliet95a,1792,0,,
638,,Murielpando7,1785,0,,
639,,BrandonPerez,1784,0,,
640,,sergiogomero,1784,0,,
641,,caludio,1783,0,,
642,,AlejandroNatalio,1782,0,,
643,,Samuel1552,1779,0,,
644,,BENJUAJAAGENIO,1723,0,1779,
645,,Leibniz795,1777,0,,
646,,criathian,1773,0,,
647,,anarkapunk,1772,0,,
648,,mariana_lobo,1758,0,,
649,,ricardolsen02,1757,0,,
650,,noobster16,1756,0,,
651,,juegueton1,1756,0,,
652,,visionj,1749,0,,
653,,karma210,1741,0,,
654,,MiloGarrido,1738,0,,
655,,ElMonoSapien,1737,0,,
656,,theMasterZero,1732,0,,
657,,EnriqueGarciaM,1726,0,,
658,,mgarciaortega,1722,0,,
659,,SOGT,1712,0,,
660,,navajon,908,0,1712,
661,,PRD402,1705,0,1712,
662,,Ysraelmos,1710,0,,
663,,horseaz,1707,0,,
664,,elchinooficial,1707,0,,
665,,Lmvillegas,1706,0,,
666,,danny739dc,1705,0,,
667,,SilksongMate,1704,0,,
668,,Chrischess98,1699,0,,
669,,Papesploto,1691,0,,
670,,juanvanp,1690,0,,
671,,cocinash,1689,0,,
672,,reymidas21,1688,0,,
673,,Roberto150123,1682,0,,
674,,Javier_1,1680,0,,
675,,Cherrescake,1994,0,1673,
676,,Tr3xxx,1670,0,,
677,,Pillow_Dub,1669,0,,
678,,davidvallop1982,1668,0,,
679,,Xkeletor,1667,0,,
680,,Valdor_abe,1666,0,,
681,,jlbosch,1666,0,,
682,,feiyo,1660,0,,
683,,Ovejero,1651,0,,
684,,AaronG25,1646,0,,
685,,lolonunes04,1643,0,,
686,,DavidSanabria,1643,0,,
687,,Perini2006,1641,0,,
688,,Fonsy34,1638,0,,
689,,alexisvelasquezu,1638,0,,
690,,Oliver331,1638,0,,
691,,albertocastro,1630,0,,
692,,Cuatico23,1628,0,,
693,,gonziii3014,1624,0,,
694,,BobyFisher2021,1621,0,,
695,,gaeltercersemestre,1618,0,,
696,,jcalvarezv,1618,0,,
697,,KomenKo,1611,0,,
698,,pablinnahuelgarcia23,2165,0,1610,
699,,eaglepablo,1609,0,,
700,,alonsotaku,1607,0,,
701,,LuCaS200819,1607,0,,
702,,VEGETTA7777,1603,0,,
703,,fer_conesa,1595,0,,
704,,B61212757ESTEFANO,1594,0,,
705,,jimmy4,1585,0,,
706,,ChristianPaez,1583,0,,
707,,AdidCSS,1577,0,,
708,,CesarVega,1572,0,,
709,,Neryy11,1571,0,,
710,,Rafaelfranklin,1571,0,,
711,,carlosagurcia,1566,0,,
712,,Rjrafael,1566,0,,
713,,AdrianChess01,1565,0,,
714,,Pazyalegria,1559,0,,
715,,CarlosSilvaRCC,1554,0,,
716,,fuket,1552,0,,
717,,Facundo-Aguilera,1551,0,,
718,,zacatelco93,1546,0,,
719,,chessmining,1540,0,,
720,,Rio5678,1530,0,,
721,,alldoce5,1525,0,,
722,,Von_Nannov,2103,0,1524,
723,,PASCUAL2014,1520,0,,
724,,Cristhian99,1518,0,,
725,,readyPlayerUan,1516,0,,
726,,TBLebowsky,1513,0,,
727,,sr_l4m4rk4,1507,0,,
728,,Poliversal99,1505,0,,
729,,Haclhen,1502,0,,
730,,jaimeferrandoc,1500,0,,
731,,caballitocampero,1500,0,,
732,,Almudaina13,1500,0,,
733,,ElSteve,1500,0,,
734,,chessguadi,1500,0,,
735,,Nozel1,1500,0,,
736,,Jesus_pere7,1500,0,,
737,,Ojeda4732,1500,0,,
738,,Jesulao,1500,0,,
739,,CuidadoMiRey,1500,0,,
740,,Johanvgamer,1500,0,,
741,,Donalfred1,1500,0,,
742,,LuchoTijero,1500,0,,
743,,juanTafur,1500,0,,
744,,michael_beltran,1500,0,,
745,,QuimVM,1500,0,,
746,,Marcolawrence,1500,0,,
747,,asiertxo78,1500,0,,
748,,K0N0D10d4,1500,0,,
749,,MarceloLlanos_ESMC,1500,0,,
750,,francograndov,1500,0,,
751,,stroquer,1500,0,,
752,,Drohe,1500,0,,
753,,Vacacaco,1500,0,,
754,,hernandezfloresdiego,1525,0,1500,
755,,cmembreno048,1500,0,,
756,,JuanCarlos_AP_MX,1500,0,,
757,,davis33,1500,0,,
758,,ALREXHD,1500,0,,
759,,El_miillo,1500,0,,
760,,Bernardo_tulatiesa,1500,0,,
761,,Avsha88,1500,0,,
762,,Gael_P,1500,0,,
763,,Leonardo88988,1500,0,,
764,,AlejandroLozanoLillo,1500,0,,
765,,Lio_roca,1500,0,,
766,,Nestor_RojasL,1500,0,,
767,,Angel-perez10,1500,0,,
768,,Adrian1811,1500,0,,
769,,Angel17Rt,1500,0,,
770,,Alexarrozatum,1500,0,,
771,,somethingandothergod,1500,0,,
772,,JaviertxoKP,1500,0,,
773,,Danfreud,1500,0,,
774,,UshuaiaChess,1500,0,,
775,,Emma1705,1499,0,,
776,,Hans_SV-1,1497,0,,
777,,Javiertenjo,1496,0,,
778,,experamiunn,1496,0,,
779,,CAnonymous,1495,0,,
780,,JonasEsp,1492,0,,
781,,Telsvenezuela,1978,0,1490,
782,,juanki60,1478,0,,
783,,Franz9980,1477,0,,
784,,Jeremi_Aron,1471,0,,
785,,encuncloide,1468,0,,
786,,Nyarlatholep,1465,0,,
787,,IESVS,1463,0,,
788,,RicardoGalvisD,1458,0,,
789,,yvyryryi,1455,0,,
790,,vasilio5,1452,0,,
791,,elmiguelito2007,1451,0,,
792,,chesstand,2029,0,1450,
793,,Nextz,1448,0,,
794,,Ferdx,1448,0,,
795,,elcanic,1446,0,,
796,,Ronky987,1440,0,,
797,,F20020524,1440,0,,
798,,Manuelbens,1437,0,,
799,,Flasita,1436,0,,
800,,Sahuaripa,1434,0,,
801,,camiloa173,1432,0,,
802,,soymingu,1429,0,,
803,,leonmachado,1428,0,,
804,,tonichess2002,1426,0,,
805,,RichardValero_UNAP,1426,0,,
806,,copon_copete,1425,0,,
807,,Jdabbah,1424,0,,
808,,tomasmartinez1345,1415,0,,
809,,andresappel,1007,0,1413,
810,,Mario_Parra,1413,0,,
811,,Javiz31,1412,0,,
812,,JesusMontesChess,1410,0,,
813,,itsArnau18,1409,0,,
814,,Alexfe25,1409,0,,
815,,nachoih,1409,0,,
816,,Jesusmon,1408,0,,
817,,Pipe47,1406,0,,
818,,pablomart,1406,0,,
819,,Aulig,1405,0,,
820,,truefiction2,1403,0,,
821,,gastelorov,1401,0,,
822,,Porko0,1401,0,,
823,,frank0776,1395,0,,
824,,assasin_knight,1379,0,,
825,,Benito-J551862,1369,0,,
826,,JEUC-3010,1363,0,,
827,,Israel2000,1360,0,,
828,,Cmty,1601,0,1360,
829,,Alfilxpeon,1359,0,,
830,,Uriel_NuDu,1358,0,,
831,,Fernandovelazquez,1355,0,,
832,,Armangod,1351,0,,
833,,jcamilofr,1407,0,1347,
834,,trelo,1343,0,,
835,,MarcoPenia,1342,0,,
836,,Abraham_Uchasara,1342,0,,
837,,ricardo0026,1340,0,,
838,,Amadeo9,1340,0,,
839,,Darkarlos,1339,0,,
840,,socramr,1339,0,,
841,,Kucko,1339,0,,
842,,walvenpy,1339,0,,
843,,rimbo23,1336,0,,
844,,DasPhoenix11,1335,0,,
845,,tatet91,1332,0,,
846,,MarioVicari,1332,0,,
847,,roool123,1329,0,,
848,,Sofiode,1327,0,,
849,,GomZ,1820,0,1327,
850,,generalpaps99,1326,0,,
851,,byronbgb,1324,0,,
852,,Miza318,1324,0,,
853,,ChessprincessA,1321,0,,
854,,Kuira_ba,1321,0,,
855,,A75032027HANS,1319,0,,
856,,jeremy2210,1317,0,,
857,,GUSTAVOCRACK,1396,0,1314,
858,,UB120,1312,0,,
859,,kyque,1311,0,,
860,,MrChaman7,1309,0,,
861,,Estir,1308,0,,
862,,Knight6891,1308,0,,
863,,B71559133EDGARD,1305,0,,
864,,Andres128chess,1299,0,,
865,,THB93,1296,0,,
866,,FLizondoTja,1295,0,,
867,,thiagui_pg14,1291,0,,
868,,DAVIDO18268,1288,0,,
869,,Disuasor,1286,0,,
870,,Erick_Reyes,1286,0,,
871,,chessaleix,1285,0,,
872,,MaxBrod,1389,0,1281,
873,,cristiancfn,1297,0,1275,
874,,porao,1273,0,,
875,,Angel0625,1266,0,,
876,,Arturup,1259,0,,
877,,Nadieyya,1252,0,,
878,,storbrain,1250,0,,
879,,dtixip,1249,0,,
880,,Jan7514,1247,0,,
881,,waldolopez,1500,0,1247,
882,,Jppaules,1247,0,,
883,,Pikazo,1241,0,,
884,,Alejandrito7,1236,0,,
885,,Arreola78,1236,0,,
886,,crlsdaniel,1232,0,,
887,,Aranau,1232,0,,
888,,jpenaf01,1230,0,,
889,,Peniel_i,1228,0,,
890,,Samael115,1223,0,,
891,,nel_son_s,1211,0,,
892,,ManuPuey03,1211,0,,
893,,Chessneillos,1676,0,1206,
894,,cristhianbello95,1203,0,,
895,,dagg21,1198,0,,
896,,Hcruza,1195,0,,
897,,TitiCheese,1193,0,,
898,,reymundo98,1192,0,,
899,,Benjalvarez2102,1191,0,,
900,,Yumest24,1191,0,,
901,,Goliath-888,1191,0,,
902,,ErikAbdiel,1184,0,,
903,,DonAngel2004,1177,0,,
904,,EGSotomayor,1177,0,,
905,,Edulinkes,1177,0,,
906,,DylanV_7moA_Blue,1164,0,,
907,,meza10,1164,0,,
908,,JuanJe797,1163,0,,
909,,SpikeCastro3,1161,0,,
910,,gatopanda08,1161,0,,
911,,G4T03610,1157,0,,
912,,Josif_a_La_Firme,1155,0,,
913,,joshua25xd,1154,0,,
914,,THEBATLLECATSPATO,1154,0,,
915,,Miguel_Angel_92,1153,0,,
916,,VTHugo,1153,0,,
917,,Xandros,1148,0,,
918,,Matt_Cortez123,1153,0,1148,
919,,Martintube,1147,0,,
920,,cris2701,1147,0,,
921,,GUZH,1140,0,,
922,,Azu16839,1138,0,,
923,,patriciusbikini,1133,0,,
924,,matiuuuu85,1130,0,,
925,,KingGoji,1129,0,,
926,,Buyits,1226,0,1126,
927,,Francoguns24,1125,0,,
928,,GomezAro,1204,0,1125,
929,,Kitmos,1122,0,,
930,,Moxxie09,1121,0,,
931,,illojavi,1109,0,,
932,,joaquinsg06,1099,0,,
933,,FoxRox,1095,0,,
934,,Danahe,1257,0,1094,
935,,Josemiman,1086,0,,
936,,JaydenHw,1081,0,,
937,,Luxtis,1579,0,1079,
938,,Torre_Py,1071,0,,
939,,GAM13360,1045,0,,
940,,AndresLopez123,1250,0,1045,
941,,lukasg04,1044,0,,
942,,PapeXD,1041,0,,
943,,giacomo_ricano,1034,0,,
944,,GhostF,1029,0,,
945,,LautaroMonte,1294,0,1027,
946,,LuisCabana,1172,0,1021,
947,,SantiXtreme,1016,0,,
948,,CamiDietrich,1013,0,,
949,,FlowerBoy911,1001,0,,
950,,daniel-schach,1594,0,1000,
951,,benig2001,998,0,,
952,,MAR974COS,989,0,,
953,,chedar3,989,0,,
954,,Raven2cold,988,0,,
955,,gianelking314,983,0,,
956,,ElOscar,970,0,,
957,,Edson211908,1478,0,968,
958,,kimofernandez23,966,0,,
959,,NicolasUribe_6HRL,1609,0,963,
960,,Jose-Fischer,961,0,,
961,,victor207,704,0,937,
962,,Emmanuel_Villanueva,1198,0,935,
963,,Neru989,930,0,,
964,,Lautyyrivera,928,0,,
965,,FedericoRM,1396,0,925,
966,,ChessBelloo,1082,0,921,
967,,tytotyto,920,0,,
968,,Ncane90,1581,0,900,
969,,Jota_M,898,0,,
970,,x_Jefe_Maestro_x,886,0,,
971,,ajiniesta,871,0,,
972,,Vic126,865,0,,
973,,maudimeo,1111,0,863,
974,,DemetrioElGreco,859,0,,
975,,daN_maRtIn,857,0,,
976,,MiguelAMR,1241,0,848,
977,,vaquis_69,921,0,846,
978,,DamianDander,842,0,,
979,,JimmyVera,828,0,,
980,,nicolas-look45,824,0,,
981,,Zorroplateado1999,1092,0,799,
982,,KingPls,788,0,,
983,,lucadelpieri,751,0,,
984,,Peluchito,968,0,748,
985,,fede_123,1112,0,718,
986,,martix,1260,0,710,
987,,VitotoCL,703,0,,
988,,jersonpro87,684,0,,
989,,Fresh01,674,0,,
990,,sigb98,818,0,671,
991,,zentansam,1086,0,649,
992,,VETADRYL,946,0,561,
